kode,nama,sektor
AADI,Adaro Andalan Indonesia Tbk.,-
AALI,Astra Agro Lestari Tbk.,Konsumen Primer
ABBA,Mahaka Media Tbk.,Konsumen Non-Primer
ABDA,Asuransi Bina Dana Arta Tbk.,Keuangan
ABMM,ABM Investama Tbk.,Energi
ACES,Aspirasi Hidup Indonesia Tbk.,Konsumen Non-Primer
ACRO,Samcro Hyosung Adilestari Tbk.,Konsumen Non-Primer
ACST,Acset Indonusa Tbk.,Infrastruktur
ADCP,Adhi Commuter Properti Tbk.,Properti & Real Estat
ADES,Akasha Wira International Tbk.,Konsumen Primer
ADHI,Adhi Karya (Persero) Tbk.,Infrastruktur
ADMF,Adira Dinamika Multi Finance T,Keuangan
ADMG,Polychem Indonesia Tbk,Barang Baku
ADMR,Adaro Minerals Indonesia Tbk.,Energi
ADRO,Alamtri Resources Indonesia Tb,Energi
AEGS,Anugerah Spareparts Sejahtera,Konsumen Non-Primer
AGAR,Asia Sejahtera Mina Tbk.,Konsumen Primer
AGII,Samator Indo Gas Tbk.,Barang Baku
AGRO,Bank Raya Indonesia Tbk.,Keuangan
AGRS,Bank IBK Indonesia Tbk.,Keuangan
AHAP,Asuransi Harta Aman Pratama Tb,Keuangan
AIMS,Artha Mahiya Investama Tbk.,Energi
AISA,FKS Food Sejahtera Tbk.,Konsumen Primer
AKKU,Anugerah Kagum Karya Utama Tbk,Konsumen Non-Primer
AKPI,Argha Karya Prima Industry Tbk,Barang Baku
AKRA,AKR Corporindo Tbk.,Energi
AKSI,Mineral Sumberdaya Mandiri Tbk,Transportasi & Logistik
ALDO,Alkindo Naratama Tbk.,Barang Baku
ALII,Ancara Logistics Indonesia Tbk,Energi
ALKA,Alakasa Industrindo Tbk,Barang Baku
ALMI,Alumindo Light Metal Industry,Barang Baku
ALTO,Tri Banyan Tirta Tbk.,Konsumen Primer
AMAG,Asuransi Multi Artha Guna Tbk.,Keuangan
AMAN,Makmur Berkah Amanda Tbk.,Properti & Real Estat
AMAR,Bank Amar Indonesia Tbk.,Keuangan
AMFG,Asahimas Flat Glass Tbk.,Perindustrian
AMIN,Ateliers Mecaniques D Indonesi,Perindustrian
AMMN,Amman Mineral Internasional Tb,Barang Baku
AMMS,Agung Menjangan Mas Tbk.,Konsumen Primer
AMOR,Ashmore Asset Management Indon,Keuangan
AMRT,Sumber Alfaria Trijaya Tbk.,Konsumen Primer
ANDI,Andira Agro Tbk.,Konsumen Primer
ANJT,Austindo Nusantara Jaya Tbk.,Konsumen Primer
ANTM,Aneka Tambang Tbk.,Barang Baku
APEX,Apexindo Pratama Duta Tbk.,Energi
APIC,Pacific Strategic Financial Tb,Keuangan
APII,Arita Prima Indonesia Tbk.,Perindustrian
APLI,Asiaplast Industries Tbk.,Barang Baku
APLN,Agung Podomoro Land Tbk.,Properti & Real Estat
ARCI,Archi Indonesia Tbk.,Barang Baku
AREA,Dunia Virtual Online Tbk.,Teknologi
ARGO,Argo Pantes Tbk,Konsumen Non-Primer
ARII,Atlas Resources Tbk.,Energi
ARKA,Arkha Jayanti Persada Tbk.,Perindustrian
ARKO,Arkora Hydro Tbk.,Infrastruktur
ARMY,Armidian Karyatama Tbk.,Properti & Real Estat
ARNA,Arwana Citramulia Tbk.,Perindustrian
ARTA,Arthavest Tbk,Konsumen Non-Primer
ARTI,Ratu Prabu Energi Tbk,Energi
ARTO,Bank Jago Tbk.,Keuangan
ASBI,Asuransi Bintang Tbk.,Keuangan
ASDM,Asuransi Dayin Mitra Tbk.,Keuangan
ASGR,Astra Graphia Tbk.,Perindustrian
ASHA,Cilacap Samudera Fishing Indus,Konsumen Primer
ASII,Astra International Tbk.,Perindustrian
ASJT,Asuransi Jasa Tania Tbk.,Keuangan
ASLC,Autopedia Sukses Lestari Tbk.,Konsumen Non-Primer
ASLI,Asri Karya Lestari Tbk.,Infrastruktur
ASMI,Asuransi Maximus Graha Persada,Keuangan
ASPI,Andalan Sakti Primaindo Tbk.,Properti & Real Estat
ASRI,Alam Sutera Realty Tbk.,Properti & Real Estat
ASRM,Asuransi Ramayana Tbk.,Keuangan
ASSA,Adi Sarana Armada Tbk.,Transportasi & Logistik
ATAP,Trimitra Prawara Goldland Tbk.,Properti & Real Estat
ATIC,Anabatic Technologies Tbk.,Teknologi
ATLA,Atlantis Subsea Indonesia Tbk.,Energi
AUTO,Astra Otoparts Tbk.,Konsumen Non-Primer
AVIA,Avia Avian Tbk.,Barang Baku
AWAN,Era Digital Media Tbk.,Teknologi
AXIO,Tera Data Indonusa Tbk.,Teknologi
AYAM,Janu Putra Sejahtera Tbk.,Konsumen Primer
AYLS,Agro Yasa Lestari Tbk.,Barang Baku
BABP,Bank MNC Internasional Tbk.,Keuangan
BABY,Multitrend Indo Tbk.,Konsumen Non-Primer
BACA,Bank Capital Indonesia Tbk.,Keuangan
BAIK,Bersama Mencapai Puncak Tbk.,Konsumen Non-Primer
BAJA,Saranacentral Bajatama Tbk.,Barang Baku
BALI,Bali Towerindo Sentra Tbk.,Infrastruktur
BANK,Bank Aladin Syariah Tbk.,Keuangan
BAPA,Bekasi Asri Pemula Tbk.,Properti & Real Estat
BAPI,Bhakti Agung Propertindo Tbk.,Properti & Real Estat
BATA,Sepatu Bata Tbk.,Konsumen Non-Primer
BATR,Benteng Api Technic Tbk.,Barang Baku
BAUT,Mitra Angkasa Sejahtera Tbk.,Konsumen Non-Primer
BAYU,Bayu Buana Tbk,Konsumen Non-Primer
BBCA,Bank Central Asia Tbk.,Keuangan
BBHI,Allo Bank Indonesia Tbk.,Keuangan
BBKP,Bank KB Bukopin Tbk.,Keuangan
BBLD,Buana Finance Tbk.,Keuangan
BBMD,Bank Mestika Dharma Tbk.,Keuangan
BBNI,Bank Negara Indonesia (Persero,Keuangan
BBRI,Bank Rakyat Indonesia (Persero,Keuangan
BBRM,Pelayaran Nasional Bina Buana,Energi
BBSI,Krom Bank Indonesia Tbk.,Keuangan
BBSS,Bumi Benowo Sukses Sejahtera T,Properti & Real Estat
BBTN,Bank Tabungan Negara (Persero),Keuangan
BBYB,Bank Neo Commerce Tbk.,Keuangan
BCAP,MNC Kapital Indonesia Tbk.,Keuangan
BCIC,Bank JTrust Indonesia Tbk.,Keuangan
BCIP,Bumi Citra Permai Tbk.,Properti & Real Estat
BDKR,Berdikari Pondasi Perkasa Tbk.,Infrastruktur
BDMN,Bank Danamon Indonesia Tbk.,Keuangan
BEBS,Berkah Beton Sadaya Tbk.,Barang Baku
BEEF,Estika Tata Tiara Tbk.,Konsumen Primer
BEER,Jobubu Jarum Minahasa Tbk.,Konsumen Primer
BEKS,Bank Pembangunan Daerah Banten,Keuangan
BELI,Global Digital Niaga Tbk.,Teknologi
BELL,Trisula Textile Industries Tbk,Konsumen Non-Primer
BESS,Batulicin Nusantara Maritim Tb,Energi
BEST,Bekasi Fajar Industrial Estate,Properti & Real Estat
BFIN,BFI Finance  Indonesia Tbk.,Keuangan
BGTG,Bank Ganesha Tbk.,Keuangan
BHAT,Bhakti Multi Artha Tbk.,Keuangan
BHIT,MNC Asia Holding Tbk.,Perindustrian
BIKA,Binakarya Jaya Abadi Tbk.,Properti & Real Estat
BIKE,Sepeda Bersama Indonesia Tbk.,Konsumen Non-Primer
BIMA,Primarindo Asia Infrastructure,Konsumen Non-Primer
BINA,Bank Ina Perdana Tbk.,Keuangan
BINO,Perma Plasindo Tbk.,Perindustrian
BIPI,Astrindo Nusantara Infrastrukt,Energi
BIPP,Bhuwanatala Indah Permai Tbk.,Properti & Real Estat
BIRD,Blue Bird Tbk.,Transportasi & Logistik
BISI,BISI International Tbk.,Konsumen Primer
BJBR,Bank Pembangunan Daerah Jawa B,Keuangan
BJTM,Bank Pembangunan Daerah Jawa T,Keuangan
BKDP,Bukit Darmo Property Tbk,Properti & Real Estat
BKSL,Sentul City Tbk.,Properti & Real Estat
BKSW,Bank QNB Indonesia Tbk.,Keuangan
BLES,Superior Prima Sukses Tbk.,Barang Baku
BLTA,Berlian Laju Tanker Tbk,Transportasi & Logistik
BLTZ,Graha Layar Prima Tbk.,Konsumen Non-Primer
BLUE,Berkah Prima Perkasa Tbk.,Perindustrian
BMAS,Bank Maspion Indonesia Tbk.,Keuangan
BMBL,Lavender Bina Cendikia Tbk.,Konsumen Non-Primer
BMHS,Bundamedik Tbk.,Kesehatan
BMRI,Bank Mandiri (Persero) Tbk.,Keuangan
BMSR,Bintang Mitra Semestaraya Tbk,Barang Baku
BMTR,Global Mediacom Tbk.,Konsumen Non-Primer
BNBA,Bank Bumi Arta Tbk.,Keuangan
BNBR,Bakrie & Brothers Tbk,Perindustrian
BNGA,Bank CIMB Niaga Tbk.,Keuangan
BNII,Bank Maybank Indonesia Tbk.,Keuangan
BNLI,Bank Permata Tbk.,Keuangan
BOAT,Newport Marine Services Tbk.,-
BOBA,Formosa Ingredient Factory Tbk,Konsumen Primer
BOGA,Bintang Oto Global Tbk.,Konsumen Non-Primer
BOLA,Bali Bintang Sejahtera Tbk.,Konsumen Non-Primer
BOLT,Garuda Metalindo Tbk.,Konsumen Non-Primer
BOSS,Borneo Olah Sarana Sukses Tbk.,Energi
BPFI,Woori Finance Indonesia Tbk.,Keuangan
BPII,Batavia Prosperindo Internasio,Keuangan
BPTR,Batavia Prosperindo Trans Tbk.,Transportasi & Logistik
BRAM,Indo Kordsa Tbk.,Konsumen Non-Primer
BREN,Barito Renewables Energy Tbk.,Infrastruktur
BRIS,Bank Syariah Indonesia Tbk.,Keuangan
BRMS,Bumi Resources Minerals Tbk.,Barang Baku
BRNA,Berlina Tbk.,Barang Baku
BRPT,Barito Pacific Tbk.,Barang Baku
BRRC,Raja Roti Cemerlang Tbk.,-
BSBK,Wulandari Bangun Laksana Tbk.,Properti & Real Estat
BSDE,Bumi Serpong Damai Tbk.,Properti & Real Estat
BSIM,Bank Sinarmas Tbk.,Keuangan
BSML,Bintang Samudera Mandiri Lines,Energi
BSSR,Baramulti Suksessarana Tbk.,Energi
BSWD,Bank Of India Indonesia Tbk.,Keuangan
BTEK,Bumi Teknokultura Unggul Tbk,Konsumen Primer
BTEL,Bakrie Telecom Tbk.,Infrastruktur
BTON,Betonjaya Manunggal Tbk.,Barang Baku
BTPN,Bank SMBC Indonesia Tbk.,Keuangan
BTPS,Bank BTPN Syariah Tbk.,Keuangan
BUAH,Segar Kumala Indonesia Tbk.,Konsumen Primer
BUDI,Budi Starch & Sweetener Tbk.,Konsumen Primer
BUKA,Bukalapak.com Tbk.,Teknologi
BUKK,Bukaka Teknik Utama Tbk.,Infrastruktur
BULL,Buana Lintas Lautan Tbk.,Energi
BUMI,Bumi Resources Tbk.,Energi
BUVA,Bukit Uluwatu Villa Tbk.,Konsumen Non-Primer
BVIC,Bank Victoria International Tb,Keuangan
BWPT,Eagle High Plantations Tbk.,Konsumen Primer
BYAN,Bayan Resources Tbk.,Energi
CAKK,Cahayaputra Asa Keramik Tbk.,Perindustrian
CAMP,Campina Ice Cream Industry Tbk,Konsumen Primer
CANI,Capitol Nusantara Indonesia Tb,Energi
CARE,Metro Healthcare Indonesia Tbk,Kesehatan
CARS,Industri dan Perdagangan Bintr,Konsumen Non-Primer
CASA,Capital Financial Indonesia Tb,Keuangan
CASH,Cashlez Worldwide Indonesia Tb,Teknologi
CASS,Cardig Aero Services Tbk.,Infrastruktur
CBDK,Bangun Kosambi Sukses Tbk.,-
CBMF,Cahaya Bintang Medan Tbk.,Konsumen Non-Primer
CBPE,Citra Buana Prasida Tbk.,Properti & Real Estat
CBRE,Cakra Buana Resources Energi T,Energi
CBUT,Citra Borneo Utama Tbk.,Konsumen Primer
CCSI,Communication Cable Systems In,Perindustrian
CEKA,Wilmar Cahaya Indonesia Tbk.,Konsumen Primer
CENT,Centratama Telekomunikasi Indo,Infrastruktur
CFIN,Clipan Finance Indonesia Tbk.,Keuangan
CGAS,Citra Nusantara Gemilang Tbk.,Energi
CHEM,Chemstar Indonesia Tbk.,Barang Baku
CHIP,Pelita Teknologi Global Tbk.,Teknologi
CINT,Chitose Internasional Tbk.,Konsumen Non-Primer
CITA,Cita Mineral Investindo Tbk.,Barang Baku
CITY,Natura City Developments Tbk.,Properti & Real Estat
CLAY,Citra Putra Realty Tbk.,Konsumen Non-Primer
CLEO,Sariguna Primatirta Tbk.,Konsumen Primer
CLPI,Colorpak Indonesia Tbk.,Barang Baku
CMNP,Citra Marga Nusaphala Persada,Infrastruktur
CMNT,Cemindo Gemilang Tbk.,Barang Baku
CMPP,AirAsia Indonesia Tbk.,Transportasi & Logistik
CMRY,Cisarua Mountain Dairy Tbk.,Konsumen Primer
CNKO,Exploitasi Energi Indonesia Tb,Energi
CNMA,Nusantara Sejahtera Raya Tbk.,Konsumen Non-Primer
CNTX,Century Textile Industry Tbk.,Konsumen Non-Primer
COAL,Black Diamond Resources Tbk.,Energi
COCO,Wahana Interfood Nusantara Tbk,Konsumen Primer
COIN,,-
COWL,Cowell Development Tbk.,Properti & Real Estat
CPIN,Charoen Pokphand Indonesia Tbk,Konsumen Primer
CPRI,Capri Nusa Satu Properti Tbk.,Properti & Real Estat
CPRO,Central Proteina Prima Tbk.,Konsumen Primer
CRAB,Toba Surimi Industries Tbk.,Konsumen Primer
CRSN,Carsurin Tbk.,Perindustrian
CSAP,Catur Sentosa Adiprana Tbk.,Konsumen Non-Primer
CSIS,Cahayasakti Investindo Sukses,Properti & Real Estat
CSMI,Cipta Selera Murni Tbk.,Konsumen Non-Primer
CSRA,Cisadane Sawit Raya Tbk.,Konsumen Primer
CTBN,Citra Tubindo Tbk.,Barang Baku
CTRA,Ciputra Development Tbk.,Properti & Real Estat
CTTH,Citatah Tbk.,Perindustrian
CUAN,Petrindo Jaya Kreasi Tbk.,Energi
CYBR,ITSEC Asia Tbk.,Teknologi
DAAZ,Daaz Bara Lestari Tbk.,-
DADA,Diamond Citra Propertindo Tbk.,Properti & Real Estat
DART,Duta Anggada Realty Tbk.,Properti & Real Estat
DATA,Remala Abadi Tbk.,Infrastruktur
DAYA,Duta Intidaya Tbk.,Konsumen Primer
DCII,DCI Indonesia Tbk.,Teknologi
DEAL,Dewata Freightinternational Tb,Transportasi & Logistik
DEFI,Danasupra Erapacific Tbk.,Keuangan
DEPO,Caturkarda Depo Bangunan Tbk.,Konsumen Non-Primer
DEWA,Darma Henwa Tbk,Energi
DEWI,Dewi Shri Farmindo Tbk.,Konsumen Primer
DFAM,Dafam Property Indonesia Tbk.,Konsumen Non-Primer
DGIK,Nusa Konstruksi Enjiniring Tbk,Infrastruktur
DGNS,Diagnos Laboratorium Utama Tbk,Kesehatan
DGWG,Delta Giri Wacana Tbk.,-
DIGI,Arkadia Digital Media Tbk.,Konsumen Non-Primer
DILD,Intiland Development Tbk.,Properti & Real Estat
DIVA,Distribusi Voucher Nusantara T,Teknologi
DKFT,Central Omega Resources Tbk.,Barang Baku
DLTA,Delta Djakarta Tbk.,Konsumen Primer
DMAS,Puradelta Lestari Tbk.,Properti & Real Estat
DMMX,Digital Mediatama Maxima Tbk.,Teknologi
DMND,Diamond Food Indonesia Tbk.,Konsumen Primer
DNAR,Bank Oke Indonesia Tbk.,Keuangan
DNET,Indoritel Makmur Internasional,Keuangan
DOID,Delta Dunia Makmur Tbk.,Energi
DOOH,Era Media Sejahtera Tbk.,Konsumen Non-Primer
DOSS,Global Sukses Digital Tbk.,-
DPNS,Duta Pertiwi Nusantara Tbk.,Barang Baku
DPUM,Dua Putra Utama Makmur Tbk.,Konsumen Primer
DRMA,Dharma Polimetal Tbk.,Konsumen Non-Primer
DSFI,Dharma Samudera Fishing Indust,Konsumen Primer
DSNG,Dharma Satya Nusantara Tbk.,Konsumen Primer
DSSA,Dian Swastatika Sentosa Tbk,Energi
DUCK,Jaya Bersama Indo Tbk.,Konsumen Non-Primer
DUTI,Duta Pertiwi Tbk,Properti & Real Estat
DVLA,Darya-Varia Laboratoria Tbk.,Kesehatan
DWGL,Dwi Guna Laksana Tbk.,Energi
DYAN,Dyandra Media International Tb,Perindustrian
EAST,Eastparc Hotel Tbk.,Konsumen Non-Primer
ECII,Electronic City Indonesia Tbk.,Konsumen Non-Primer
EDGE,Indointernet Tbk.,Teknologi
EKAD,Ekadharma International Tbk.,Barang Baku
ELIT,Data Sinergitama Jaya Tbk.,Teknologi
ELPI,Pelayaran Nasional Ekalya Purn,Transportasi & Logistik
ELSA,Elnusa Tbk.,Energi
ELTY,Bakrieland Development Tbk.,Properti & Real Estat
EMAS,,-
EMDE,Megapolitan Developments Tbk.,Properti & Real Estat
EMTK,Elang Mahkota Teknologi Tbk.,Teknologi
ENAK,Champ Resto Indonesia Tbk.,Konsumen Non-Primer
ENRG,Energi Mega Persada Tbk.,Energi
ENVY,Envy Technologies Indonesia Tb,Teknologi
ENZO,Morenzo Abadi Perkasa Tbk.,Konsumen Primer
EPAC,Megalestari Epack Sentosaraya,Barang Baku
EPMT,Enseval Putera Megatrading Tbk,Konsumen Primer
ERAA,Erajaya Swasembada Tbk.,Konsumen Non-Primer
ERAL,Sinar Eka Selaras Tbk.,Konsumen Non-Primer
ERTX,Eratex Djaja Tbk.,Konsumen Non-Primer
ESIP,Sinergi Inti Plastindo Tbk.,Barang Baku
ESSA,ESSA Industries Indonesia Tbk.,Barang Baku
ESTA,Esta Multi Usaha Tbk.,Konsumen Non-Primer
ESTI,Ever Shine Tex Tbk.,Konsumen Non-Primer
ETWA,Eterindo Wahanatama Tbk,Barang Baku
EURO,Estee Gold Feet Tbk.,Konsumen Primer
EXCL,XL Axiata Tbk.,Infrastruktur
FAPA,FAP Agri Tbk.,Konsumen Primer
FAST,Fast Food Indonesia Tbk.,Konsumen Non-Primer
FASW,Fajar Surya Wisesa Tbk.,Barang Baku
FILM,MD Entertainment Tbk.,Konsumen Non-Primer
FIMP,Fimperkasa Utama Tbk.,Infrastruktur
FIRE,Alfa Energi Investama Tbk.,Energi
FISH,FKS Multi Agro Tbk.,Konsumen Primer
FITT,Hotel Fitra International Tbk.,Konsumen Non-Primer
FLMC,Falmaco Nonwoven Industri Tbk.,Konsumen Primer
FMII,Fortune Mate Indonesia Tbk,Properti & Real Estat
FOLK,Multi Garam Utama Tbk.,Perindustrian
FOOD,Sentra Food Indonesia Tbk.,Konsumen Primer
FORU,Fortune Indonesia Tbk,Konsumen Non-Primer
FORZ,Forza Land Indonesia Tbk.,Properti & Real Estat
FPNI,Lotte Chemical Titan Tbk.,Barang Baku
FREN,Smartfren Telecom Tbk.,Infrastruktur
FUJI,Fuji Finance Indonesia Tbk.,Keuangan
FUTR,Lini Imaji Kreasi Ekosistem Tb,Konsumen Non-Primer
FWCT,Wijaya Cahaya Timber Tbk.,Barang Baku
GAMA,Aksara Global Development Tbk.,Properti & Real Estat
GDST,Gunawan Dianjaya Steel Tbk.,Barang Baku
GDYR,Goodyear Indonesia Tbk.,Konsumen Non-Primer
GEMA,Gema Grahasarana Tbk.,Konsumen Non-Primer
GEMS,Golden Energy Mines Tbk.,Energi
GGRM,Gudang Garam Tbk.,Konsumen Primer
GGRP,Gunung Raja Paksi Tbk.,Barang Baku
GHON,Gihon Telekomunikasi Indonesia,Infrastruktur
GIAA,Garuda Indonesia (Persero) Tbk,Transportasi & Logistik
GJTL,Gajah Tunggal Tbk.,Konsumen Non-Primer
GLOB,Globe Kita Terang Tbk.,Konsumen Non-Primer
GLVA,Galva Technologies Tbk.,Teknologi
GMFI,Garuda Maintenance Facility Ae,Infrastruktur
GMTD,Gowa Makassar Tourism Developm,Properti & Real Estat
GOLD,Visi Telekomunikasi Infrastruk,Infrastruktur
GOLF,Intra Golflink Resorts Tbk.,Konsumen Non-Primer
GOLL,Golden Plantation Tbk.,Konsumen Primer
GOOD,Garudafood Putra Putri Jaya Tb,Konsumen Primer
GOTO,GoTo Gojek Tokopedia Tbk.,Teknologi
GPRA,Perdana Gapuraprima Tbk.,Properti & Real Estat
GPSO,Geoprima Solusi Tbk.,Perindustrian
GRIA,Ingria Pratama Capitalindo Tbk,Properti & Real Estat
GRPH,Griptha Putra Persada Tbk.,Konsumen Non-Primer
GRPM,Graha Prima Mentari Tbk.,Konsumen Primer
GSMF,Equity Development Investment,Keuangan
GTBO,Garda Tujuh Buana Tbk,Energi
GTRA,Grahaprima Suksesmandiri Tbk.,Transportasi & Logistik
GTSI,GTS Internasional Tbk.,Energi
GULA,Aman Agrindo Tbk.,Konsumen Primer
GUNA,Gunanusa Eramandiri Tbk.,Konsumen Primer
GWSA,Greenwood Sejahtera Tbk.,Konsumen Non-Primer
GZCO,Gozco Plantations Tbk.,Konsumen Primer
HADE,Himalaya Energi Perkasa Tbk.,Infrastruktur
HAIS,Hasnur Internasional Shipping,Transportasi & Logistik
HAJJ,Arsy Buana Travelindo Tbk.,Konsumen Non-Primer
HALO,Haloni Jane Tbk.,Kesehatan
HATM,Habco Trans Maritima Tbk.,Transportasi & Logistik
HBAT,Minahasa Membangun Hebat Tbk.,Properti & Real Estat
HDFA,Radana Bhaskara Finance Tbk.,Keuangan
HDIT,Hensel Davest Indonesia Tbk.,Teknologi
HDTX,Panasia Indo Resources Tbk.,Konsumen Non-Primer
HEAL,Medikaloka Hermina Tbk.,Kesehatan
HELI,Jaya Trishindo Tbk.,Transportasi & Logistik
HERO,DFI Retail Nusantara Tbk.,Konsumen Primer
HEXA,Hexindo Adiperkasa Tbk.,Perindustrian
HGII,Hero Global Investment Tbk.,-
HILL,Hillcon Tbk.,Energi
HITS,Humpuss Intermoda Transportasi,Energi
HKMU,HK Metals Utama Tbk.,Barang Baku
HMSP,H.M. Sampoerna Tbk.,Konsumen Primer
HOKI,Buyung Poetra Sembada Tbk.,Konsumen Primer
HOME,Hotel Mandarine Regency Tbk.,Konsumen Non-Primer
HOMI,Grand House Mulia Tbk.,Properti & Real Estat
HOPE,Harapan Duta Pertiwi Tbk.,Perindustrian
HOTL,Saraswati Griya Lestari Tbk.,Konsumen Non-Primer
HRME,Menteng Heritage Realty Tbk.,Konsumen Non-Primer
HRTA,Hartadinata Abadi Tbk.,Konsumen Non-Primer
HRUM,Harum Energy Tbk.,Energi
HUMI,Humpuss Maritim Internasional,Energi
HYGN,Ecocare Indo Pasifik Tbk.,Perindustrian
IATA,MNC Energy Investments Tbk.,Energi
IBFN,Intan Baru Prana Tbk.,Perindustrian
IBOS,Indo Boga Sukses Tbk.,Konsumen Primer
IBST,Inti Bangun Sejahtera Tbk.,Infrastruktur
ICBP,Indofood CBP Sukses Makmur Tbk,Konsumen Primer
ICON,Island Concepts Indonesia Tbk.,Perindustrian
IDEA,Idea Indonesia Akademi Tbk.,Konsumen Non-Primer
IDPR,Indonesia Pondasi Raya Tbk.,Infrastruktur
IFII,Indonesia Fibreboard Industry,Barang Baku
IFSH,Ifishdeco Tbk.,Barang Baku
IGAR,Champion Pacific Indonesia Tbk,Barang Baku
IIKP,Inti Agri Resources Tbk,Konsumen Non-Primer
IKAI,Intikeramik Alamasri Industri,Perindustrian
IKAN,Era Mandiri Cemerlang Tbk.,Konsumen Primer
IKBI,Sumi Indo Kabel Tbk.,Perindustrian
IKPM,Ikapharmindo Putramas Tbk.,Kesehatan
IMAS,Indomobil Sukses Internasional,Konsumen Non-Primer
IMJS,Indomobil Multi Jasa Tbk.,Transportasi & Logistik
IMPC,Impack Pratama Industri Tbk.,Perindustrian
INAF,Indofarma Tbk.,Kesehatan
INAI,Indal Aluminium Industry Tbk.,Barang Baku
INCF,Indo Komoditi Korpora Tbk.,Barang Baku
INCI,Intanwijaya Internasional Tbk,Barang Baku
INCO,Vale Indonesia Tbk.,Barang Baku
INDF,Indofood Sukses Makmur Tbk.,Konsumen Primer
INDO,Royalindo Investa Wijaya Tbk.,Properti & Real Estat
INDR,Indo-Rama Synthetics Tbk.,Konsumen Non-Primer
INDS,Indospring Tbk.,Konsumen Non-Primer
INDX,Tanah Laut Tbk,Perindustrian
INDY,Indika Energy Tbk.,Energi
INET,Sinergi Inti Andalan Prima Tbk,Infrastruktur
INKP,Indah Kiat Pulp & Paper Tbk.,Barang Baku
INOV,Inocycle Technology Group Tbk.,Konsumen Non-Primer
INPC,Bank Artha Graha Internasional,Keuangan
INPP,Indonesian Paradise Property T,Properti & Real Estat
INPS,Indah Prakasa Sentosa Tbk.,Energi
INRU,Toba Pulp Lestari Tbk.,Barang Baku
INTA,Intraco Penta Tbk.,Perindustrian
INTD,Inter Delta Tbk,Barang Baku
INTP,Indocement Tunggal Prakarsa Tb,Barang Baku
IOTF,Sumber Sinergi Makmur Tbk.,Teknologi
IPAC,Era Graharealty Tbk.,Properti & Real Estat
IPCC,Indonesia Kendaraan Terminal T,Infrastruktur
IPCM,Jasa Armada Indonesia Tbk.,Infrastruktur
IPOL,Indopoly Swakarsa Industry Tbk,Barang Baku
IPPE,Indo Pureco Pratama Tbk.,Konsumen Primer
IPTV,MNC Vision Networks Tbk.,Konsumen Non-Primer
IRRA,Itama Ranoraya Tbk.,Kesehatan
IRSX,Aviana Sinar Abadi Tbk.,Teknologi
ISAP,Isra Presisi Indonesia Tbk.,Konsumen Non-Primer
ISAT,Indosat Tbk.,Infrastruktur
ISEA,Indo American Seafoods Tbk.,Konsumen Primer
ISSP,Steel Pipe Industry of Indones,Barang Baku
ITIC,Indonesian Tobacco Tbk.,Konsumen Primer
ITMA,Sumber Energi Andalan Tbk.,Energi
ITMG,Indo Tambangraya Megah Tbk.,Energi
JARR,Jhonlin Agro Raya Tbk.,Konsumen Primer
JAST,Jasnita Telekomindo Tbk.,Infrastruktur
JATI,Informasi Teknologi Indonesia,Teknologi
JAWA,Jaya Agra Wattie Tbk.,Konsumen Primer
JAYA,Armada Berjaya Trans Tbk.,Transportasi & Logistik
JECC,Jembo Cable Company Tbk.,Perindustrian
JGLE,Graha Andrasentra Propertindo,Konsumen Non-Primer
JIHD,Jakarta International Hotels &,Konsumen Non-Primer
JKON,Jaya Konstruksi Manggala Prata,Infrastruktur
JKSW,Jakarta Kyoei Steel Works Tbk.,Barang Baku
JMAS,Asuransi Jiwa Syariah Jasa Mit,Keuangan
JPFA,Japfa Comfeed Indonesia Tbk.,Konsumen Primer
JRPT,Jaya Real Property Tbk.,Properti & Real Estat
JSKY,Sky Energy Indonesia Tbk.,Energi
JSMR,Jasa Marga (Persero) Tbk.,Infrastruktur
JSPT,Jakarta Setiabudi Internasiona,Konsumen Non-Primer
JTPE,Jasuindo Tiga Perkasa Tbk.,Perindustrian
KAEF,Kimia Farma Tbk.,Kesehatan
KARW,Meratus Jasa Prima Tbk.,Infrastruktur
KAYU,Darmi Bersaudara Tbk.,Barang Baku
KBAG,Karya Bersama Anugerah Tbk.,Properti & Real Estat
KBLI,KMI Wire & Cable Tbk.,Perindustrian
KBLM,Kabelindo Murni Tbk.,Perindustrian
KBLV,First Media Tbk.,Infrastruktur
KBRI,Kertas Basuki Rachmat Indonesi,Barang Baku
KDSI,Kedawung Setia Industrial Tbk.,Barang Baku
KDTN,Puri Sentul Permai Tbk.,Konsumen Non-Primer
KEEN,Kencana Energi Lestari Tbk.,Infrastruktur
KEJU,Mulia Boga Raya Tbk.,Konsumen Primer
KETR,Ketrosden Triasmitra Tbk.,Infrastruktur
KIAS,Keramika Indonesia Assosiasi T,Perindustrian
KICI,Kedaung Indah Can Tbk,Konsumen Non-Primer
KIJA,Kawasan Industri Jababeka Tbk.,Properti & Real Estat
KING,Hoffmen Cleanindo Tbk.,Perindustrian
KINO,Kino Indonesia Tbk.,Konsumen Primer
KIOS,Kioson Komersial Indonesia Tbk,Teknologi
KJEN,Krida Jaringan Nusantara Tbk.,Transportasi & Logistik
KKES,Kusuma Kemindo Sentosa Tbk.,Barang Baku
KKGI,Resource Alam Indonesia Tbk.,Energi
KLAS,Pelayaran Kurnia Lautan Semest,Transportasi & Logistik
KLBF,Kalbe Farma Tbk.,Kesehatan
KLIN,Klinko Karya Imaji Tbk.,Konsumen Non-Primer
KMDS,Kurniamitra Duta Sentosa Tbk.,Konsumen Primer
KMTR,Kirana Megatara Tbk.,Barang Baku
KOBX,Kobexindo Tractors Tbk.,Perindustrian
KOCI,Kokoh Exa Nusantara Tbk.,Properti & Real Estat
KOIN,Kokoh Inti Arebama Tbk,Perindustrian
KOKA,Koka Indonesia Tbk.,Infrastruktur
KONI,Perdana Bangun Pusaka Tbk,Perindustrian
KOPI,Mitra Energi Persada Tbk.,Energi
KOTA,DMS Propertindo Tbk.,Konsumen Non-Primer
KPAL,Steadfast Marine Tbk.,Perindustrian
KPAS,Cottonindo Ariesta Tbk.,Konsumen Primer
KPIG,MNC Land Tbk.,Konsumen Non-Primer
KRAH,Grand Kartech Tbk.,Perindustrian
KRAS,Krakatau Steel (Persero) Tbk.,Barang Baku
KREN,Quantum Clovera Investama Tbk.,Teknologi
KRYA,Bangun Karya Perkasa Jaya Tbk.,Infrastruktur
KSIX,Kentanix Supra International T,-
KUAS,Ace Oldfields Tbk.,Perindustrian
LABA,Green Power Group Tbk.,Perindustrian
LABS,UBC Medical Indonesia Tbk.,Kesehatan
LAJU,Jasa Berdikari Logistics Tbk.,Transportasi & Logistik
LAND,Trimitra Propertindo Tbk.,Properti & Real Estat
LAPD,Leyand International Tbk.,Konsumen Primer
LCGP,Eureka Prima Jakarta Tbk.,Properti & Real Estat
LCKM,LCK Global Kedaton Tbk.,Infrastruktur
LEAD,Logindo Samudramakmur Tbk.,Energi
LFLO,Imago Mulia Persada Tbk.,Konsumen Non-Primer
LIFE,MSIG Life Insurance Indonesia,Keuangan
LINK,Link Net Tbk.,Infrastruktur
LION,Lion Metal Works Tbk.,Perindustrian
LIVE,Homeco Victoria Makmur Tbk.,Konsumen Non-Primer
LMAS,Limas Indonesia Makmur Tbk,Teknologi
LMAX,Lupromax Pelumas Indonesia Tbk,Konsumen Non-Primer
LMPI,Langgeng Makmur Industri Tbk.,Konsumen Non-Primer
LMSH,Lionmesh Prima Tbk.,Barang Baku
LOPI,Logisticsplus International Tb,Transportasi & Logistik
LPCK,Lippo Cikarang Tbk,Properti & Real Estat
LPGI,Lippo General Insurance Tbk.,Keuangan
LPIN,Multi Prima Sejahtera Tbk,Konsumen Non-Primer
LPKR,Lippo Karawaci Tbk.,Properti & Real Estat
LPLI,Star Pacific Tbk,Properti & Real Estat
LPPF,Matahari Department Store Tbk.,Konsumen Non-Primer
LPPS,Lenox Pasifik Investama Tbk.,Keuangan
LRNA,Eka Sari Lorena Transport Tbk.,Transportasi & Logistik
LSIP,PP London Sumatra Indonesia Tb,Konsumen Primer
LTLS,Lautan Luas Tbk.,Barang Baku
LUCK,Sentral Mitra Informatika Tbk.,Teknologi
LUCY,Lima Dua Lima Tiga Tbk.,Konsumen Non-Primer
MABA,Marga Abhinaya Abadi Tbk.,Konsumen Non-Primer
MAGP,Multi Agro Gemilang Plantation,Konsumen Primer
MAHA,Mandiri Herindo Adiperkasa Tbk,Energi
MAIN,Malindo Feedmill Tbk.,Konsumen Primer
MAMI,Mas Murni Indonesia Tbk,Konsumen Non-Primer
MANG,Manggung Polahraya Tbk.,Infrastruktur
MAPA,Map Aktif Adiperkasa Tbk.,Konsumen Non-Primer
MAPB,MAP Boga Adiperkasa Tbk.,Konsumen Non-Primer
MAPI,Mitra Adiperkasa Tbk.,Konsumen Non-Primer
MARI,Mahaka Radio Integra Tbk.,Konsumen Non-Primer
MARK,Mark Dynamics Indonesia Tbk.,Perindustrian
MASA,Multistrada Arah Sarana Tbk.,Konsumen Non-Primer
MASB,Bank Multiarta Sentosa Tbk.,Keuangan
MAXI,Maxindo Karya Anugerah Tbk.,Konsumen Primer
MAYA,Bank Mayapada Internasional Tb,Keuangan
MBAP,Mitrabara Adiperdana Tbk.,Energi
MBMA,Merdeka Battery Materials Tbk.,Barang Baku
MBSS,Mitrabahtera Segara Sejati Tbk,Energi
MBTO,Martina Berto Tbk.,Konsumen Primer
MCAS,M Cash Integrasi Tbk.,Teknologi
MCOL,Prima Andalan Mandiri Tbk.,Energi
MCOR,Bank China Construction Bank I,Keuangan
MDIA,Intermedia Capital Tbk.,Konsumen Non-Primer
MDIY,Daya Intiguna Yasa Tbk.,-
MDKA,Merdeka Copper Gold Tbk.,Barang Baku
MDKI,Emdeki Utama Tbk.,Barang Baku
MDLN,Modernland Realty Tbk.,Properti & Real Estat
MDRN,Modern Internasional Tbk.,Perindustrian
MEDC,Medco Energi Internasional Tbk,Energi
MEDS,Hetzer Medical Indonesia Tbk.,Kesehatan
MEGA,Bank Mega Tbk.,Keuangan
MEJA,Harta Djaya Karya Tbk.,Konsumen Non-Primer
MENN,Menn Teknologi Indonesia Tbk.,Teknologi
MERK,Merck Tbk.,Kesehatan
META,Nusantara Infrastructure Tbk.,Infrastruktur
MFIN,Mandala Multifinance Tbk.,Keuangan
MFMI,Multifiling Mitra Indonesia Tb,Perindustrian
MGLV,Panca Anugrah Wisesa Tbk.,Konsumen Non-Primer
MGNA,Magna Investama Mandiri Tbk.,Konsumen Non-Primer
MGRO,Mahkota Group Tbk.,Konsumen Primer
MHKI,Multi Hanna Kreasindo Tbk.,Perindustrian
MICE,Multi Indocitra Tbk.,Konsumen Non-Primer
MIDI,Midi Utama Indonesia Tbk.,Konsumen Primer
MIKA,Mitra Keluarga Karyasehat Tbk.,Kesehatan
MINA,Sanurhasta Mitra Tbk.,Konsumen Non-Primer
MIRA,Mitra International Resources,Transportasi & Logistik
MITI,Mitra Investindo Tbk.,Transportasi & Logistik
MKAP,Multikarya Asia Pasifik Raya T,Energi
MKNT,Mitra Komunikasi Nusantara Tbk,Konsumen Non-Primer
MKPI,Metropolitan Kentjana Tbk.,Properti & Real Estat
MKTR,Menthobi Karyatama Raya Tbk.,Konsumen Primer
MLBI,Multi Bintang Indonesia Tbk.,Konsumen Primer
MLIA,Mulia Industrindo Tbk,Perindustrian
MLPL,Multipolar Tbk.,Konsumen Primer
MLPT,Multipolar Technology Tbk.,Teknologi
MMIX,Multi Medika Internasional Tbk,Kesehatan
MMLP,Mega Manunggal Property Tbk.,Properti & Real Estat
MNCN,Media Nusantara Citra Tbk.,Konsumen Non-Primer
MOLI,Madusari Murni Indah Tbk.,Barang Baku
MORA,Mora Telematika Indonesia Tbk.,Infrastruktur
MPIX,Mitra Pedagang Indonesia Tbk.,Teknologi
MPMX,Mitra Pinasthika Mustika Tbk.,Konsumen Non-Primer
MPOW,Megapower Makmur Tbk.,Infrastruktur
MPPA,Matahari Putra Prima Tbk.,Konsumen Primer
MPRO,Maha Properti Indonesia Tbk.,Properti & Real Estat
MPXL,MPX Logistics International Tb,Transportasi & Logistik
MRAT,Mustika Ratu Tbk.,Konsumen Primer
MREI,Maskapai Reasuransi Indonesia,Keuangan
MSIE,Multisarana Intan Eduka Tbk.,Properti & Real Estat
MSIN,MNC Digital Entertainment Tbk.,Konsumen Non-Primer
MSJA,Multi Spunindo Jaya Tbk.,Konsumen Primer
MSKY,MNC Sky Vision Tbk.,Konsumen Non-Primer
MSTI,Mastersystem Infotama Tbk.,Teknologi
MTDL,Metrodata Electronics Tbk.,Teknologi
MTEL,Dayamitra Telekomunikasi Tbk.,Infrastruktur
MTFN,Capitalinc Investment Tbk.,Energi
MTLA,Metropolitan Land Tbk.,Properti & Real Estat
MTMH,Murni Sadar Tbk.,Kesehatan
MTPS,Meta Epsi Tbk.,Infrastruktur
MTRA,Mitra Pemuda Tbk.,Infrastruktur
MTSM,Metro Realty Tbk.,Properti & Real Estat
MTWI,Malacca Trust Wuwungan Insuran,Keuangan
MUTU,Mutuagung Lestari Tbk.,Perindustrian
MYOH,Samindo Resources Tbk.,Energi
MYOR,Mayora Indah Tbk.,Konsumen Primer
MYRX,Hanson International Tbk.,Properti & Real Estat
MYTX,Asia Pacific Investama Tbk.,Konsumen Non-Primer
NAIK,Adiwarna Anugerah Abadi Tbk.,-
NANO,Nanotech Indonesia Global Tbk.,Konsumen Primer
NASA,Andalan Perkasa Abadi Tbk.,Properti & Real Estat
NASI,Wahana Inti Makmur Tbk.,Konsumen Primer
NATO,Surya Permata Andalan Tbk.,Konsumen Non-Primer
NAYZ,Hassana Boga Sejahtera Tbk.,Konsumen Primer
NCKL,Trimegah Bangun Persada Tbk.,Barang Baku
NELY,Pelayaran Nelly Dwi Putri Tbk.,Transportasi & Logistik
NEST,Esta Indonesia Tbk.,-
NETV,MDTV Media Technologies Tbk.,Konsumen Non-Primer
NFCX,NFC Indonesia Tbk.,Teknologi
NICE,Adhi Kartiko Pratama Tbk.,Barang Baku
NICK,Charnic Capital Tbk.,Keuangan
NICL,PAM Mineral Tbk.,Barang Baku
NIKL,Pelat Timah Nusantara Tbk.,Barang Baku
NINE,Techno9 Indonesia Tbk.,Teknologi
NIPS,Nipress Tbk.,Konsumen Non-Primer
NIRO,City Retail Developments Tbk.,Properti & Real Estat
NISP,Bank OCBC NISP Tbk.,Keuangan
NOBU,Bank Nationalnobu Tbk.,Keuangan
NPGF,Nusa Palapa Gemilang Tbk.,Barang Baku
NRCA,Nusa Raya Cipta Tbk.,Infrastruktur
NSSS,Nusantara Sawit Sejahtera Tbk.,Konsumen Primer
NTBK,Nusatama Berkah Tbk.,Perindustrian
NUSA,Sinergi Megah Internusa Tbk.,Konsumen Non-Primer
NZIA,Nusantara Almazia Tbk.,Properti & Real Estat
OASA,Maharaksa Biru Energi Tbk.,Infrastruktur
OBAT,Brigit Biofarmaka Teknologi Tb,-
OBMD,OBM Drilchem Tbk.,Barang Baku
OCAP,Onix Capital Tbk.,Keuangan
OILS,Indo Oil Perkasa Tbk.,Konsumen Primer
OKAS,Ancora Indonesia Resources Tbk,Barang Baku
OLIV,Oscar Mitra Sukses Sejahtera T,Konsumen Non-Primer
OMED,Jayamas Medica Industri Tbk.,Kesehatan
OMRE,Indonesia Prima Property Tbk,Properti & Real Estat
OPMS,Optima Prima Metal Sinergi Tbk,Barang Baku
PACK,Abadi Nusantara Hijau Investam,Barang Baku
PADA,Personel Alih Daya Tbk.,Perindustrian
PADI,Minna Padi Investama Sekuritas,Keuangan
PALM,Provident Investasi Bersama Tb,Keuangan
PAMG,Bima Sakti Pertiwi Tbk.,Properti & Real Estat
PANI,Pantai Indah Kapuk Dua Tbk.,Properti & Real Estat
PANR,Panorama Sentrawisata Tbk.,Konsumen Non-Primer
PANS,Panin Sekuritas Tbk.,Keuangan
PART,Cipta Perdana Lancar Tbk.,Konsumen Non-Primer
PBID,Panca Budi Idaman Tbk.,Barang Baku
PBRX,Pan Brothers Tbk.,Konsumen Non-Primer
PBSA,Paramita Bangun Sarana Tbk.,Infrastruktur
PCAR,Prima Cakrawala Abadi Tbk.,Konsumen Primer
PDES,Destinasi Tirta Nusantara Tbk,Konsumen Non-Primer
PDPP,Primadaya Plastisindo Tbk.,Barang Baku
PEGE,Panca Global Kapital Tbk.,Keuangan
PEHA,Phapros Tbk.,Kesehatan
PEVE,Penta Valent Tbk.,Kesehatan
PGAS,Perusahaan Gas Negara Tbk.,Energi
PGEO,Pertamina Geothermal Energy Tb,Infrastruktur
PGJO,Tourindo Guide Indonesia Tbk.,Teknologi
PGLI,Pembangunan Graha Lestari Inda,Konsumen Non-Primer
PGUN,Pradiksi Gunatama Tbk.,Konsumen Primer
PICO,Pelangi Indah Canindo Tbk,Barang Baku
PIPA,Multi Makmur Lemindo Tbk.,Perindustrian
PJAA,Pembangunan Jaya Ancol Tbk.,Konsumen Non-Primer
PKPK,Perdana Karya Perkasa Tbk,Energi
PLAN,Planet Properindo Jaya Tbk.,Konsumen Non-Primer
PLAS,Polaris Investama Tbk,Keuangan
PLIN,Plaza Indonesia Realty Tbk.,Properti & Real Estat
PMJS,Putra Mandiri Jembar Tbk.,Konsumen Non-Primer
PMMP,Panca Mitra Multiperdana Tbk.,Konsumen Primer
PNBN,Bank Pan Indonesia Tbk,Keuangan
PNBS,Bank Panin Dubai Syariah Tbk.,Keuangan
PNGO,Pinago Utama Tbk.,Konsumen Primer
PNIN,Paninvest Tbk.,Keuangan
PNLF,Panin Financial Tbk.,Keuangan
PNSE,Pudjiadi & Sons Tbk.,Konsumen Non-Primer
POLA,Pool Advista Finance Tbk.,Keuangan
POLI,Pollux Hotels Group Tbk.,Properti & Real Estat
POLL,Pollux Properties Indonesia Tb,Properti & Real Estat
POLU,Golden Flower Tbk.,Konsumen Non-Primer
POLY,Asia Pacific Fibers Tbk,Konsumen Non-Primer
POOL,Pool Advista Indonesia Tbk.,Keuangan
PORT,Nusantara Pelabuhan Handal Tbk,Infrastruktur
POSA,Bliss Properti Indonesia Tbk.,Properti & Real Estat
POWR,Cikarang Listrindo Tbk.,Infrastruktur
PPGL,Prima Globalindo Logistik Tbk.,Transportasi & Logistik
PPRE,PP Presisi Tbk.,Infrastruktur
PPRI,Paperocks Indonesia Tbk.,Barang Baku
PPRO,PP Properti Tbk.,Properti & Real Estat
PRAS,Prima Alloy Steel Universal Tb,Konsumen Non-Primer
PRAY,Famon Awal Bros Sedaya Tbk.,Kesehatan
PRDA,Prodia Widyahusada Tbk.,Kesehatan
PRIM,Royal Prima Tbk.,Kesehatan
PSAB,J Resources Asia Pasifik Tbk.,Barang Baku
PSDN,Prasidha Aneka Niaga Tbk,Konsumen Primer
PSGO,Palma Serasih Tbk.,Konsumen Primer
PSKT,Red Planet Indonesia Tbk.,Konsumen Non-Primer
PSSI,IMC Pelita Logistik Tbk.,Energi
PTBA,Bukit Asam Tbk.,Energi
PTDU,Djasa Ubersakti Tbk.,Infrastruktur
PTIS,Indo Straits Tbk.,Energi
PTMP,Mitra Pack Tbk.,Perindustrian
PTMR,Master Print Tbk.,-
PTPP,PP (Persero) Tbk.,Infrastruktur
PTPS,Pulau Subur Tbk.,Konsumen Primer
PTPW,Pratama Widya Tbk.,Infrastruktur
PTRO,Petrosea Tbk.,Energi
PTSN,Sat Nusapersada Tbk,Teknologi
PTSP,Pioneerindo Gourmet Internatio,Konsumen Non-Primer
PUDP,Pudjiadi Prestige Tbk.,Properti & Real Estat
PURA,Putra Rajawali Kencana Tbk.,Transportasi & Logistik
PURE,Trinitan Metals and Minerals T,Barang Baku
PURI,Puri Global Sukses Tbk.,Properti & Real Estat
PWON,Pakuwon Jati Tbk.,Properti & Real Estat
PYFA,Pyridam Farma Tbk,Kesehatan
PZZA,Sarimelati Kencana Tbk.,Konsumen Non-Primer
RAAM,Tripar Multivision Plus Tbk.,Konsumen Non-Primer
RAFI,Sari Kreasi Boga Tbk.,Konsumen Non-Primer
RAJA,Rukun Raharja Tbk.,Energi
RALS,Ramayana Lestari Sentosa Tbk.,Konsumen Non-Primer
RANC,Supra Boga Lestari Tbk.,Konsumen Primer
RATU,Raharja Energi Cepu Tbk.,-
RBMS,Ristia Bintang Mahkotasejati T,Properti & Real Estat
RCCC,Utama Radar Cahaya Tbk.,Transportasi & Logistik
RDTX,Roda Vivatex Tbk,Properti & Real Estat
REAL,Repower Asia Indonesia Tbk.,Properti & Real Estat
RELF,Graha Mitra Asia Tbk.,Properti & Real Estat
RELI,Reliance Sekuritas Indonesia T,Keuangan
RGAS,Kian Santang Muliatama Tbk.,Energi
RICY,Ricky Putra Globalindo Tbk,Konsumen Non-Primer
RIGS,Rig Tenders Indonesia Tbk.,Energi
RIMO,Rimo International Lestari Tbk,Properti & Real Estat
RISE,Jaya Sukses Makmur Sentosa Tbk,Properti & Real Estat
RMKE,RMK Energy Tbk.,Energi
RMKO,Royaltama Mulia Kontraktorindo,Energi
ROCK,Rockfields Properti Indonesia,Properti & Real Estat
RODA,Pikko Land Development Tbk.,Properti & Real Estat
RONY,Aesler Grup Internasional Tbk.,Infrastruktur
ROTI,Nippon Indosari Corpindo Tbk.,Konsumen Primer
RSCH,Charlie Hospital Semarang Tbk.,Kesehatan
RSGK,Kedoya Adyaraya Tbk.,Kesehatan
RUIS,Radiant Utama Interinsco Tbk.,Energi
RUNS,Global Sukses Solusi Tbk.,Teknologi
SAFE,Steady Safe Tbk,Transportasi & Logistik
SAGE,Saptausaha Gemilangindah Tbk.,Properti & Real Estat
SAME,Sarana Meditama Metropolitan T,Kesehatan
SAMF,Saraswanti Anugerah Makmur Tbk,Barang Baku
SAPX,Satria Antaran Prima Tbk.,Transportasi & Logistik
SATU,Kota Satu Properti Tbk.,Properti & Real Estat
SBAT,Sejahtera Bintang Abadi Textil,Konsumen Non-Primer
SBMA,Surya Biru Murni Acetylene Tbk,Barang Baku
SCCO,Supreme Cable Manufacturing &,Perindustrian
SCMA,Surya Citra Media Tbk.,Konsumen Non-Primer
SCNP,Selaras Citra Nusantara Perkas,Konsumen Non-Primer
SCPI,Organon Pharma Indonesia Tbk.,Kesehatan
SDMU,Sidomulyo Selaras Tbk.,Transportasi & Logistik
SDPC,Millennium Pharmacon Internati,Konsumen Primer
SDRA,Bank Woori Saudara Indonesia 1,Keuangan
SEMA,Semacom Integrated Tbk.,Energi
SFAN,Surya Fajar Capital Tbk.,Keuangan
SGER,Sumber Global Energy Tbk.,Energi
SGRO,Sampoerna Agro Tbk.,Konsumen Primer
SHID,Hotel Sahid Jaya International,Konsumen Non-Primer
SHIP,Sillo Maritime Perdana Tbk.,Energi
SICO,Sigma Energy Compressindo Tbk.,Energi
SIDO,Industri Jamu dan Farmasi Sido,Kesehatan
SILO,Siloam International Hospitals,Kesehatan
SIMA,Siwani Makmur Tbk,Barang Baku
SIMP,Salim Ivomas Pratama Tbk.,Konsumen Primer
SINI,Singaraja Putra Tbk.,Perindustrian
SIPD,Sreeya Sewu Indonesia Tbk.,Konsumen Primer
SKBM,Sekar Bumi Tbk.,Konsumen Primer
SKLT,Sekar Laut Tbk.,Konsumen Primer
SKRN,Superkrane Mitra Utama Tbk.,Perindustrian
SKYB,Northcliff Citranusa Indonesia,Teknologi
SLIS,Gaya Abadi Sempurna Tbk.,Konsumen Non-Primer
SMAR,Smart Tbk.,Konsumen Primer
SMBR,Semen Baturaja Tbk.,Barang Baku
SMCB,Solusi Bangun Indonesia Tbk.,Barang Baku
SMDM,Suryamas Dutamakmur Tbk.,Properti & Real Estat
SMDR,Samudera Indonesia  Tbk.,Transportasi & Logistik
SMGA,Sumber Mineral Global Abadi Tb,Barang Baku
SMGR,Semen Indonesia (Persero) Tbk.,Barang Baku
SMIL,Sarana Mitra Luas Tbk.,Perindustrian
SMKL,Satyamitra Kemas Lestari Tbk.,Barang Baku
SMKM,Sumber Mas Konstruksi Tbk.,Infrastruktur
SMLE,Sinergi Multi Lestarindo Tbk.,Barang Baku
SMMA,Sinarmas Multiartha Tbk.,Keuangan
SMMT,Golden Eagle Energy Tbk.,Energi
SMRA,Summarecon Agung Tbk.,Properti & Real Estat
SMRU,SMR Utama Tbk.,Energi
SMSM,Selamat Sempurna Tbk.,Konsumen Non-Primer
SNLK,Sunter Lakeside Hotel Tbk.,Konsumen Non-Primer
SOCI,Soechi Lines Tbk.,Energi
SOFA,Boston Furniture Industries Tb,Konsumen Non-Primer
SOHO,Soho Global Health Tbk.,Kesehatan
SOLA,Xolare RCR Energy Tbk.,Barang Baku
SONA,Sona Topas Tourism Industry Tb,Konsumen Non-Primer
SOSS,Shield On Service Tbk.,Perindustrian
SOTS,Satria Mega Kencana Tbk.,Konsumen Non-Primer
SOUL,Mitra Tirta Buwana Tbk.,Konsumen Primer
SPMA,Suparma Tbk.,Barang Baku
SPRE,Soraya Berjaya Indonesia Tbk.,Konsumen Non-Primer
SPTO,Surya Pertiwi Tbk.,Perindustrian
SQMI,Wilton Makmur Indonesia Tbk.,Barang Baku
SRAJ,Sejahteraraya Anugrahjaya Tbk.,Kesehatan
SRIL,Sri Rejeki Isman Tbk.,Konsumen Non-Primer
SRSN,Indo Acidatama Tbk,Barang Baku
SRTG,Saratoga Investama Sedaya Tbk.,Keuangan
SSIA,Surya Semesta Internusa Tbk.,Infrastruktur
SSMS,Sawit Sumbermas Sarana Tbk.,Konsumen Primer
SSTM,Sunson Textile Manufacture Tbk,Konsumen Non-Primer
STAA,Sumber Tani Agung Resources Tb,Konsumen Primer
STAR,Buana Artha Anugerah Tbk.,Keuangan
STRK,Lovina Beach Brewery Tbk.,Konsumen Primer
STTP,Siantar Top Tbk.,Konsumen Primer
SUGI,Sugih Energy Tbk.,Energi
SULI,SLJ Global Tbk.,Barang Baku
SUNI,Sunindo Pratama Tbk.,Energi
SUPR,Solusi Tunas Pratama Tbk.,Infrastruktur
SURE,Super Energy Tbk.,Energi
SURI,Maja Agung Latexindo Tbk.,Kesehatan
SWAT,Sriwahana Adityakarta Tbk.,Barang Baku
SWID,Saraswanti Indoland Developmen,Konsumen Non-Primer
TALF,Tunas Alfin Tbk.,Barang Baku
TAMA,Lancartama Sejati Tbk.,Infrastruktur
TAMU,Pelayaran Tamarin Samudra Tbk.,Energi
TAPG,Triputra Agro Persada Tbk.,Konsumen Primer
TARA,Agung Semesta Sejahtera Tbk.,Properti & Real Estat
TAXI,Express Transindo Utama Tbk.,Transportasi & Logistik
TAYS,Jaya Swarasa Agung Tbk.,Konsumen Primer
TBIG,Tower Bersama Infrastructure T,Infrastruktur
TBLA,Tunas Baru Lampung Tbk.,Konsumen Primer
TBMS,Tembaga Mulia Semanan Tbk.,Barang Baku
TCID,Mandom Indonesia Tbk.,Konsumen Primer
TCPI,Transcoal Pacific Tbk.,Energi
TDPM,Tianrong Chemicals Industry Tb,Barang Baku
TEBE,Dana Brata Luhur Tbk.,Energi
TECH,Indosterling Technomedia Tbk.,Teknologi
TELE,Omni Inovasi Indonesia Tbk.,Konsumen Non-Primer
TFAS,Telefast Indonesia Tbk.,Teknologi
TFCO,Tifico Fiber Indonesia Tbk.,Konsumen Non-Primer
TGKA,Tigaraksa Satria Tbk.,Konsumen Primer
TGRA,Terregra Asia Energy Tbk.,Infrastruktur
TGUK,Platinum Wahab Nusantara Tbk.,Konsumen Primer
TIFA,KDB Tifa Finance Tbk.,Keuangan
TINS,Timah Tbk.,Barang Baku
TIRA,Tira Austenite Tbk,Perindustrian
TIRT,Tirta Mahakam Resources Tbk,Barang Baku
TKIM,Pabrik Kertas Tjiwi Kimia Tbk.,Barang Baku
TLDN,Teladan Prima Agro Tbk.,Konsumen Primer
TLKM,Telkom Indonesia (Persero) Tbk,Infrastruktur
TMAS,Temas Tbk.,Transportasi & Logistik
TMPO,Tempo Intimedia Tbk.,Konsumen Non-Primer
TNCA,Trimuda Nuansa Citra Tbk.,Transportasi & Logistik
TOBA,TBS Energi Utama Tbk.,Energi
TOOL,Rohartindo Nusantara Luas Tbk.,Konsumen Non-Primer
TOPS,Totalindo Eka Persada Tbk.,Infrastruktur
TOSK,Topindo Solusi Komunika Tbk.,Teknologi
TOTL,Total Bangun Persada Tbk.,Infrastruktur
TOTO,Surya Toto Indonesia Tbk.,Perindustrian
TOWR,Sarana Menara Nusantara Tbk.,Infrastruktur
TOYS,Sunindo Adipersada Tbk.,Konsumen Non-Primer
TPIA,Chandra Asri Pacific Tbk.,Barang Baku
TPMA,Trans Power Marine Tbk.,Energi
TRAM,Trada Alam Minera Tbk.,Energi
TRGU,Cerestar Indonesia Tbk.,Konsumen Primer
TRIL,Triwira Insanlestari Tbk.,Perindustrian
TRIM,Trimegah Sekuritas Indonesia T,Keuangan
TRIN,Perintis Triniti Properti Tbk.,Properti & Real Estat
TRIO,Trikomsel Oke Tbk.,Konsumen Non-Primer
TRIS,Trisula International Tbk.,Konsumen Non-Primer
TRJA,Transkon Jaya Tbk.,Transportasi & Logistik
TRON,Teknologi Karya Digital Nusa T,Teknologi
TRST,Trias Sentosa Tbk.,Barang Baku
TRUE,Triniti Dinamik Tbk.,Properti & Real Estat
TRUK,Guna Timur Raya Tbk.,Transportasi & Logistik
TRUS,Trust Finance Indonesia Tbk,Keuangan
TSPC,Tempo Scan Pacific Tbk.,Kesehatan
TUGU,Asuransi Tugu Pratama Indonesi,Keuangan
TYRE,King Tire Indonesia Tbk.,Konsumen Non-Primer
UANG,Pakuan Tbk.,Properti & Real Estat
UCID,Uni-Charm Indonesia Tbk.,Konsumen Primer
UDNG,Agro Bahari Nusantara Tbk.,Konsumen Primer
UFOE,Damai Sejahtera Abadi Tbk.,Konsumen Non-Primer
ULTJ,Ultrajaya Milk Industry & Trad,Konsumen Primer
UNIC,Unggul Indah Cahaya Tbk.,Barang Baku
UNIQ,Ulima Nitra Tbk.,Energi
UNIT,Nusantara Inti Corpora Tbk,Konsumen Non-Primer
UNSP,Bakrie Sumatera Plantations Tb,Konsumen Primer
UNTD,Terang Dunia Internusa Tbk.,Konsumen Non-Primer
UNTR,United Tractors Tbk.,Perindustrian
UNVR,Unilever Indonesia Tbk.,Konsumen Primer
URBN,Urban Jakarta Propertindo Tbk.,Properti & Real Estat
UVCR,Trimegah Karya Pratama Tbk.,Teknologi
VAST,Vastland Indonesia Tbk.,Properti & Real Estat
VERN,Verona Indah Pictures Tbk.,-
VICI,Victoria Care Indonesia Tbk.,Konsumen Primer
VICO,Victoria Investama Tbk.,Keuangan
VINS,Victoria Insurance Tbk.,Keuangan
VISI,Satu Visi Putra Tbk.,Perindustrian
VIVA,Visi Media Asia Tbk.,Konsumen Non-Primer
VKTR,VKTR Teknologi Mobilitas Tbk.,Konsumen Non-Primer
VOKS,Voksel Electric Tbk.,Perindustrian
VRNA,Mizuho Leasing Indonesia Tbk.,Keuangan
VTNY,Venteny Fortuna International,Keuangan
WAPO,Wahana Pronatural Tbk.,Konsumen Primer
WEGE,Wijaya Karya Bangunan Gedung T,Infrastruktur
WEHA,WEHA Transportasi Indonesia Tb,Transportasi & Logistik
WGSH,Wira Global Solusi Tbk.,Teknologi
WICO,Wicaksana Overseas Internation,Konsumen Primer
WIDI,Widiant Jaya Krenindo Tbk.,Perindustrian
WIFI,Solusi Sinergi Digital Tbk.,Teknologi
WIIM,Wismilak Inti Makmur Tbk.,Konsumen Primer
WIKA,Wijaya Karya (Persero) Tbk.,Infrastruktur
WINE,Hatten Bali Tbk.,Konsumen Primer
WINR,Winner Nusantara Jaya Tbk.,Properti & Real Estat
WINS,Wintermar Offshore Marine Tbk.,Energi
WIRG,WIR ASIA Tbk.,Teknologi
WMPP,Widodo Makmur Perkasa Tbk.,Konsumen Primer
WMUU,Widodo Makmur Unggas Tbk.,Konsumen Primer
WOMF,Wahana Ottomitra Multiartha Tb,Keuangan
WOOD,Integra Indocabinet Tbk.,Konsumen Non-Primer
WOWS,Ginting Jaya Energi Tbk.,Energi
WSBP,Waskita Beton Precast Tbk.,Barang Baku
WSKT,Waskita Karya (Persero) Tbk.,Infrastruktur
WTON,Wijaya Karya Beton Tbk.,Barang Baku
YELO,Yelooo Integra Datanet Tbk.,Konsumen Non-Primer
YOII,Asuransi Digital Bersama Tbk.,-
YPAS,Yanaprima Hastapersada Tbk,Barang Baku
YULE,Yulie Sekuritas Indonesia Tbk.,Keuangan
ZATA,Bersama Zatta Jaya Tbk.,Konsumen Non-Primer
ZBRA,Dosni Roha Indonesia Tbk.,Perindustrian
ZINC,Kapuas Prima Coal Tbk.,Barang Baku
ZONE,Mega Perintis Tbk.,Konsumen Non-Primer
ZYRX,Zyrexindo Mandiri Buana Tbk.,Teknologi
